transfer_id,total_time,read_wait_time,read_proc_time,read_throughput,read_throughput_pb,read_load,deser_wait_time,deser_proc_time,deser_throughput,deser_throughput_pb,deser_load,comp_wait_time,comp_proc_time,comp_throughput,comp_throughput_pb,comp_load,send_wait_time,send_proc_time,send_throughput,send_throughput_pb,send_load
0,24051,14509.50,2775.50,427.28,813.34,22.86,2653.00,18110.00,454.74,521.26,39.68,21930.00,63.00,429.23,149841.27,39.68,18738.00,3256.00,429.16,2898.96,0.00
0,22972,10927.12,4445.38,480.72,267.44,30.25,5045.25,12601.25,535.15,187.33,28.70,18984.00,104.00,494.63,90788.46,28.70,10655.00,8436.00,494.55,1119.13,0.35
0,75255,43474.62,1671.88,163.69,797.61,3.93,55126.75,3123.50,163.17,755.75,0.22,58970.00,34.00,160.02,277705.88,0.22,15283.00,56218.00,157.95,166.83,58.57
0,69627,40156.12,1546.38,177.20,823.80,3.98,50547.50,2915.75,177.82,809.57,0.18,54219.00,27.00,174.06,349703.70,0.18,14310.00,51899.00,171.75,180.72,58.53
0,84546,49787.00,1473.50,144.16,860.09,3.23,65219.50,2881.50,139.72,819.41,0.07,68676.00,27.00,137.43,349703.70,0.07,19262.00,66345.00,135.50,141.35,58.93
0,67117,41117.50,1775.00,172.29,778.54,4.39,52282.50,2917.75,172.21,809.22,0.04,55917.00,26.00,168.78,363153.85,0.04,14962.00,53002.00,166.51,176.96,58.25
0,70607,38924.75,1857.88,181.20,739.44,5.41,49220.75,2974.00,182.13,793.78,0.11,53055.00,29.00,177.87,325586.21,0.11,14378.00,49891.00,175.57,187.97,57.11
0,70889,40735.50,1861.88,173.48,757.83,4.41,51714.50,2994.75,173.78,788.29,0.07,55527.00,28.00,169.95,337214.29,0.07,14573.00,52535.00,167.78,178.53,58.02
0,82157,40889.75,1437.62,174.59,857.57,3.98,52358.75,2945.25,171.91,801.62,0.12,56021.00,31.00,168.45,304580.65,0.12,14962.00,53725.00,166.19,174.56,58.58
0,65487,39211.75,1787.38,180.24,788.43,5.41,49401.50,2957.25,181.60,798.29,0.17,53209.00,28.00,177.36,337214.29,0.17,13931.00,50475.00,175.09,185.81,56.85
0,61252,35521.38,1591.12,199.12,805.17,5.00,45201.50,2847.25,197.92,829.11,0.08,48812.00,26.00,193.33,363153.85,0.08,13330.00,46168.00,190.80,203.15,56.86
0,62776,37926.62,1542.62,187.23,836.99,4.79,47767.50,2965.75,187.44,795.95,0.08,51477.00,30.00,183.31,314733.33,0.08,13325.00,48853.00,180.96,191.98,57.85
0,61918,34572.88,1522.38,204.73,833.03,4.79,42371.00,3083.50,209.00,765.58,0.43,46266.00,28.00,203.96,337214.29,0.43,12094.00,43619.00,201.37,215.00,57.30
0,103725,39755.38,1484.00,179.20,851.48,4.05,50566.75,2923.75,177.73,807.43,0.05,54251.00,27.00,173.95,349703.70,0.05,14283.00,51750.00,171.67,181.22,58.36
0,67355,37906.38,1604.00,187.04,777.76,4.72,48033.50,2933.50,186.52,804.83,0.06,51690.00,28.00,182.56,337214.29,0.06,13997.00,49084.00,180.15,191.06,56.92
0,105089,55164.38,1590.88,130.21,824.78,3.28,71605.25,2908.75,127.69,811.74,0.03,75064.00,28.00,125.74,337214.29,0.03,19724.00,72662.00,124.04,129.08,59.50
0,89774,53936.75,3834.50,162.60,307.73,18.05,64371.00,3529.50,152.74,669.27,0.05,75760.00,30.00,124.55,314666.67,0.05,18154.00,57887.00,124.38,162.94,44.61
0,76552,55041.75,4633.62,157.35,256.23,10.88,66779.00,3778.25,146.83,624.68,0.08,65883.00,33.00,143.21,286060.61,0.08,6816.00,59651.00,142.88,158.07,51.21
0,72705,52600.12,4560.88,164.24,259.44,11.59,64341.25,3771.00,152.68,625.90,0.05,63126.00,33.00,149.46,286060.61,0.05,6445.00,57202.00,149.13,164.82,50.73
0,105569,51485.62,4687.00,167.19,250.24,11.39,59120.50,3685.50,156.38,640.65,0.06,61582.00,33.00,153.21,286060.61,0.06,6813.00,55271.00,152.86,170.60,50.92
0,70060,49595.38,4578.12,173.39,256.28,11.50,56731.75,3758.00,162.68,628.39,0.12,59547.00,32.00,158.45,295000.00,0.12,6890.00,53060.00,158.14,177.72,50.57
0,216405,183602.75,3277.38,50.23,397.94,2.92,200913.50,3250.00,46.79,726.90,0.01,203376.00,30.00,46.41,314666.67,0.01,29652.00,200108.00,45.94,46.93,59.77
0,244392,207234.75,2937.12,44.66,463.90,1.33,225654.00,3232.50,41.58,730.92,0.02,228300.00,29.00,41.34,325517.24,0.02,56412.00,226084.00,40.78,41.48,61.37
0,158109,131509.75,3763.25,69.41,331.83,5.38,145248.00,3423.25,64.87,689.77,0.05,146820.00,29.00,64.28,325517.24,0.05,10457.00,142446.00,63.93,66.08,57.21
0,152160,126857.25,3284.88,72.14,378.18,5.03,139902.50,3352.50,67.33,704.49,0.03,141373.00,30.00,66.76,314666.67,0.03,9557.00,137961.00,66.39,68.23,57.74
0,72229,51693.75,4228.12,167.95,279.28,10.37,58647.75,3825.25,157.15,617.15,0.03,61264.00,31.00,154.01,304516.13,0.03,6193.00,55624.00,153.66,169.50,51.90
0,77976,57021.12,4406.62,152.87,269.54,10.41,65140.00,3515.75,142.81,671.50,0.00,67296.00,28.00,140.22,337142.86,0.00,6859.00,61186.00,139.84,154.07,52.15
0,240840,207596.38,3001.38,44.58,461.90,1.92,226454.50,3227.50,41.52,731.30,0.03,228639.00,30.00,41.28,314666.67,0.03,42675.00,226096.00,40.80,41.50,60.85
0,236120,203180.62,2896.88,45.55,465.52,1.36,221257.25,3176.50,42.38,743.09,0.01,224006.00,29.00,42.14,325517.24,0.01,50446.00,221452.00,41.59,42.34,61.29
0,83731,57046.88,4352.38,152.96,269.84,10.56,64519.25,3648.75,143.27,646.83,0.06,67265.00,30.00,140.28,314666.67,0.06,6545.00,61132.00,139.99,154.27,51.87
0,239731,205418.88,3082.00,45.02,451.35,1.43,224443.25,3198.50,41.85,738.53,0.02,227012.00,29.00,41.58,325517.24,0.02,51352.00,224172.00,41.04,41.83,61.20
0,33353,13412.00,9172.38,416.22,133.03,32.50,22327.75,7829.75,384.74,301.47,1.04,25664.00,42.00,367.23,224761.90,1.04,8028.00,17918.00,366.20,525.84,25.77
0,30389,13173.75,8461.38,434.48,141.60,31.84,21606.50,7614.75,401.92,309.99,1.48,24561.00,40.00,383.71,236000.00,1.48,7314.00,17487.00,382.68,538.80,26.12
0,38010,14588.50,8467.50,407.83,141.38,34.41,25075.25,7419.00,381.09,318.12,1.30,26196.00,39.00,359.82,242051.28,1.30,10222.00,16041.00,359.53,588.12,24.41
0,39298,12642.25,10920.88,399.30,116.96,51.07,24210.50,7842.75,377.14,300.98,0.96,26407.00,50.00,356.81,188800.00,0.96,16613.00,9885.00,356.43,954.27,7.19
0,96420,17856.75,6346.75,388.45,187.44,27.86,23690.75,6849.50,364.01,344.66,1.00,27090.00,40.00,347.94,236000.00,1.00,9725.00,17471.00,347.48,539.81,31.57
0,38836,14344.25,9283.38,397.96,133.54,38.11,21840.00,7469.25,374.49,315.98,0.89,26369.00,38.00,357.48,248421.05,0.89,10086.00,16364.00,357.10,576.39,20.70
0,35294,14685.38,8927.75,398.28,141.31,39.70,21774.00,7417.25,375.92,318.30,1.33,26540.00,42.00,355.13,224761.90,1.33,12042.00,14574.00,354.77,647.25,18.41
0,69982,23994.50,5421.50,319.47,219.95,22.24,30270.25,5232.75,299.86,451.10,0.35,32955.00,33.00,286.16,286060.61,0.35,8336.00,24765.00,285.74,380.82,38.47
0,44974,25481.88,5702.25,301.39,206.59,21.86,32425.00,5508.50,283.30,428.56,0.28,34978.00,36.00,269.61,262222.22,0.28,9573.00,25551.00,269.22,369.10,39.33
0,42703,23840.88,5491.75,320.37,215.53,21.73,30440.25,5282.50,300.33,446.77,0.30,32899.00,33.00,286.64,286060.61,0.30,9047.00,24014.00,286.20,392.69,39.42
0,47560,27070.00,5304.88,290.19,221.94,19.65,34191.50,4828.75,271.56,488.93,0.16,36242.00,31.00,260.24,304516.13,0.16,8568.00,27880.00,259.79,338.24,41.81
0,58141,24206.25,5446.75,316.91,216.91,21.59,30926.00,5157.50,297.27,457.59,0.21,33225.00,33.00,283.83,286060.61,0.21,8987.00,24402.00,283.39,386.44,39.59
0,41615,23665.50,5638.88,320.70,208.59,18.15,32555.25,5250.75,300.01,449.48,0.21,32925.00,33.00,286.43,286060.61,0.21,8307.00,25051.00,285.56,376.11,43.06
0,43992,23459.12,5640.38,323.01,208.60,19.27,31484.25,5103.25,304.44,462.50,0.36,32510.00,32.00,290.09,295000.00,0.36,8149.00,24725.00,289.38,381.23,41.73
0,44675,23771.88,5558.62,320.39,211.95,18.59,32854.00,5223.25,300.03,451.91,0.32,32965.00,32.00,286.08,295000.00,0.32,8302.00,25107.00,285.22,375.23,42.29
0,36858,12228.00,10375.38,415.88,116.94,40.19,21482.00,7799.50,387.83,302.60,1.19,25657.00,41.00,367.33,230243.90,1.19,10964.00,14837.00,366.65,635.37,17.92
0,38536,13048.50,9368.25,419.44,127.55,31.62,20523.75,7579.50,391.63,311.41,0.77,25460.00,40.00,370.18,236000.00,0.77,9343.00,16257.00,369.51,579.87,27.31
0,37072,11023.75,11132.88,424.18,111.62,46.88,21411.50,7929.25,392.45,297.72,0.62,25381.00,43.00,371.29,219534.88,0.62,11837.00,13692.00,370.59,688.50,10.81
0,34429,12418.62,10068.88,418.08,128.90,36.12,22168.75,7668.50,391.33,307.83,0.85,25199.00,46.00,373.94,205217.39,0.85,9442.00,15923.00,373.19,591.97,22.58
0,204516,0.00,7.75,1084.52,135.57,64.00,15545741491143.50,1727304610128.25,0.00,0.00,0.00,5181913831752.00,1727304610129.00,0.00,0.00,0.00,1365.00,1727304610129.00,0.00,0.00,0.00
0,12130,0.00,6.50,1263.10,157.89,64.00,15545742252167.25,1727304694685.00,0.00,0.00,0.00,5181914085200.00,1727304694685.00,0.00,0.00,0.00,1143.00,1727304694685.00,0.00,0.00,0.00
0,11835,0.00,6.62,1214.29,151.79,64.00,15545742657683.75,1727304739742.00,0.00,0.00,0.00,5181914220632.00,1727304739742.00,0.00,0.00,0.00,1404.00,1727304739742.00,0.00,0.00,0.00
0,37511,14009.62,8945.75,409.63,132.24,27.78,22882.75,7643.50,382.83,308.86,1.19,26006.00,38.00,362.45,248421.05,1.19,8532.00,17649.00,361.68,534.02,30.59
0,53188,31868.00,5181.75,253.13,229.53,16.42,41201.75,4590.75,229.39,515.53,0.12,42355.00,32.00,222.70,295000.00,0.12,7873.00,35133.00,222.04,268.27,45.47
0,28661,0.00,8.00,1007.94,125.99,64.00,15545749046888.00,1727305449654.00,0.00,0.00,0.00,5181916350433.00,1727305449654.00,0.00,0.00,0.00,1469.00,1727305449654.00,0.00,0.00,0.00
0,11690,0.00,7.25,1128.57,145.24,64.00,15545749256584.00,1727305472955.00,0.00,0.00,0.00,5181916420317.00,1727305472955.00,0.00,0.00,0.00,1451.00,1727305472955.00,0.00,0.00,0.00
0,634473,38762.38,3846.12,220.29,308.66,8.83,48320.75,3755.50,203.69,628.86,0.09,52606.00,38.00,179.31,248421.05,0.09,11601.00,41112.00,179.17,229.52,21.57
0,54105,39966.50,4767.50,209.80,259.25,8.08,55862.25,3965.75,190.31,595.78,0.09,52678.00,38.00,179.07,248421.05,0.09,11014.00,41787.00,178.92,225.79,22.08
1728225030827177388,49189,30892.00,2688.00,219.92,2747.40,5.61,34221.00,9563.00,215.63,987.14,0.07,44841.00,26.00,210.40,363076.92,0.07,40872.00,44241.00,204.75,210.51,120.35
1728225643018905243,50170,31383.00,2730.00,216.49,2705.13,5.53,34603.00,9752.00,212.86,968.01,0.04,45415.00,26.00,207.74,363076.92,0.04,41009.00,44816.00,202.19,207.81,118.81
1728226400767321111,49203,30466.00,2718.00,222.54,2717.07,5.61,33878.00,9510.00,217.59,992.64,0.09,44422.00,28.00,212.37,337142.86,0.09,45366.00,43932.00,206.26,211.96,118.87
1728237454135442894,15216,1646.00,7127.00,841.79,1036.20,42.50,154.00,10198.00,912.51,308.56,80.33,11602.00,42.00,810.72,224761.90,80.33,6328.00,5322.00,810.56,1773.58,2.00
1728238422672736094,15211,837.00,7247.00,913.53,1019.04,47.75,140.67,9592.33,971.15,328.10,66.92,10999.00,39.00,855.23,242051.28,66.92,3018.00,8023.00,855.06,1176.49,9.83
1728245906493716316,14203,656.00,7540.00,900.94,979.44,42.91,1070.25,8618.50,976.25,274.02,12.09,10864.00,45.00,865.35,209800.00,12.09,1373.00,9538.00,865.26,989.73,67.91
1728245986400159090,15199,1126.00,7410.00,865.16,996.63,33.92,202.67,9970.00,928.46,315.72,69.00,11315.00,33.00,831.79,286060.61,69.00,4002.00,7783.00,827.20,1209.17,20.67
1728246007332498764,18220,3144.00,7169.00,716.09,1030.13,42.40,501.67,12623.33,719.81,249.55,80.27,14287.00,58.00,658.02,162758.62,80.27,8418.00,5929.00,657.95,1592.01,1.73
1728246030605161580,47298,5006.00,28337.00,221.49,260.61,34.41,566.00,41719.33,223.38,75.43,88.52,43713.00,165.00,215.14,57212.12,88.52,23530.00,20358.00,215.11,463.65,1.23
1728246093077399727,45303,5063.00,26695.00,232.54,276.64,35.69,690.00,39678.33,234.02,79.31,68.64,41538.00,149.00,226.44,63355.70,68.64,12187.00,29508.00,226.41,319.88,19.67
1728246175512082757,19207,4907.00,6114.00,670.02,1207.88,39.69,116.00,13949.00,671.27,338.38,85.62,15114.00,52.00,622.40,181538.46,85.62,10956.00,4215.00,622.27,2239.15,0.00
1728246632891927864,14163,3158.00,4042.00,1025.55,1827.07,46.09,127.50,8899.00,1045.99,530.43,79.73,10093.00,34.00,932.07,277647.06,79.73,7436.00,2692.00,931.97,3506.32,0.00
1728246659410551043,16189,3356.00,5075.00,875.83,1455.17,48.69,57.50,11303.50,831.21,417.57,76.54,12417.00,43.00,757.56,219534.88,76.54,8717.00,3747.00,757.42,2519.08,0.15
1728246683019606232,18189,4859.00,5716.00,698.28,1291.99,42.33,306.50,13226.50,697.69,356.87,83.33,14705.00,51.00,639.70,185098.04,83.33,10649.00,4110.00,639.63,2296.59,0.07
1728246991471965234,67183,2772.00,53010.00,169.23,178.08,121.02,44388.00,11397.00,169.23,828.29,0.03,62844.00,44.00,150.11,214545.45,0.03,98500.00,4818.00,146.64,1932.96,5.61
1728247077204827429,32191,19401.56,5910.78,371.18,180.68,54.34,4535.00,22816.00,345.21,413.74,69.00,28401.00,64.00,331.62,147500.00,69.00,24288.00,4182.00,331.55,2256.81,0.00
1728247296249588103,31214,18252.12,6393.25,381.19,193.37,62.89,4432.00,22247.00,353.92,424.33,62.25,27715.00,59.00,339.87,160000.00,62.25,23710.00,4066.00,339.83,2321.45,0.00
1728247337072461917,33196,14544.00,12135.00,352.47,138.22,121.37,13285.50,16306.50,333.11,289.50,0.60,29419.00,65.00,320.20,145246.15,0.60,24521.00,4973.00,320.12,1898.05,0.03
1728247383914707145,32193,14262.71,11494.14,365.07,139.54,120.90,12148.50,16638.00,343.70,283.72,1.10,28549.00,69.00,329.89,136826.09,1.10,23876.00,4747.00,329.82,1988.41,0.03
1728247651754717022,29199,13956.43,8423.14,420.03,181.00,121.81,11842.00,13523.50,391.73,349.06,0.92,25179.00,58.00,374.08,162775.86,0.92,21192.00,4050.00,374.00,2330.62,0.12
1728250273501570056,32195,18918.44,6342.56,371.87,171.99,66.93,4727.00,22626.00,345.17,417.22,56.24,28363.00,62.00,332.09,152258.06,56.24,24211.00,4219.00,332.02,2237.02,0.07
1728255233750859399,26681,5940.00,13438.00,381.10,549.56,82.78,11736.00,9922.00,436.25,951.42,0.00,22734.00,59.00,414.14,160000.00,0.00,25708.00,10087.00,405.12,923.27,43.83
1728255611452369440,45080,4672.00,3767.00,875.00,1960.45,75.48,43.00,11854.00,793.74,796.36,51.71,20303.00,56.00,463.68,168571.43,51.71,17514.00,2845.00,463.63,3317.75,0.00
1728255712170302038,13211,985.00,5951.00,1064.58,1240.97,28.10,236.33,8220.67,1117.16,382.83,81.20,9645.00,38.00,974.90,248421.05,81.20,11758.00,5100.00,950.86,1828.63,15.20
1728255778733296995,14199,1947.00,4689.00,1112.70,1574.96,51.18,386.33,8347.00,1082.30,377.94,73.73,10175.00,42.00,923.86,224761.90,73.73,6824.00,3402.00,923.67,2774.54,0.27
1728255902529990717,10214,4727.00,1534.00,536.82,2191.00,18.57,1728255910328.67,2307.00,526.79,476.85,13.14,6718.00,6.00,490.78,550000.00,13.14,3207.00,6057.00,476.14,535.41,60.29
1728255992696068014,45214,38954.00,891.00,84.35,3772.17,3.07,1728256035230.00,2795.00,82.82,1180.68,0.12,40252.00,12.00,81.96,275000.00,0.12,29036.00,40472.00,78.69,79.91,79.62
1728256044357924774,15158,9230.00,1597.00,310.40,2104.57,10.67,1728256053379.00,5674.00,299.02,581.60,78.42,11449.00,19.00,287.73,173684.21,78.42,10055.00,1414.00,287.64,2333.10,0.00
1728256130643438642,11193,5604.00,1099.00,501.42,3058.23,16.00,1728256137659.00,3492.00,483.52,945.02,74.88,7239.00,12.00,455.11,275000.00,74.88,6337.00,914.00,454.91,3609.41,0.00
1728256185192244704,11218,6076.00,1203.00,461.68,2793.85,16.00,1728256192553.00,3855.00,440.23,856.03,77.88,7904.00,13.00,416.82,253846.15,77.88,6933.00,986.00,416.65,3345.84,0.00
1728256304540518180,11181,6050.00,1192.00,464.03,2819.63,16.00,1728256311816.00,3794.00,447.88,869.79,79.00,7791.00,14.00,422.81,235714.29,79.00,6824.00,981.00,422.68,3362.90,0.00
1728256492487690269,11178,5837.00,1165.00,480.01,2884.98,16.00,1728256499688.00,3719.00,455.17,887.34,75.00,7672.00,13.00,429.41,253846.15,75.00,6706.00,980.00,429.22,3366.33,0.00
1728256618571014472,13182,7591.00,322.00,151.25,3717.39,12.90,6495.00,2244.00,148.42,577.99,0.10,8901.00,4.00,145.65,324250.00,0.10,66779.00,9510.00,117.78,123.03,112.80
1728256639927260338,5184,853.00,481.00,896.63,2488.57,64.00,23.33,1539.33,830.93,281.62,55.00,1744.00,2.00,743.41,649000.00,55.00,2323.00,1137.00,691.97,1098.50,7.00
1728256797238781042,14190,6165.00,690.00,329.54,3273.91,11.82,7084.00,2718.00,317.31,1144.22,0.00,10104.00,11.00,307.46,282727.27,0.00,28780.00,10106.00,282.57,295.07,115.00
1728256817335992058,6203,82.00,1942.00,1116.11,1163.23,47.00,252.25,2246.75,1246.53,347.16,17.67,2846.00,13.00,1087.76,239307.69,17.67,627.00,2347.00,1077.03,1316.57,59.33
1728256845279019965,11201,5554.00,1118.00,503.67,3006.26,16.12,1728256852355.00,3527.00,479.58,935.64,75.38,7299.00,12.00,451.37,275000.00,75.38,6359.00,953.00,451.18,3461.70,0.00
1728256875716292136,6209,1408.00,644.00,583.33,1858.70,43.33,30.33,2430.33,529.48,179.08,77.67,2794.00,4.00,463.74,324500.00,77.67,1251.00,1550.00,463.38,836.77,4.33
1728256914947091724,13202,856.00,5618.00,1140.54,1314.52,33.30,158.67,7744.33,1195.31,406.36,47.90,9093.00,38.00,1033.84,248421.05,47.90,3720.00,6456.00,1023.77,1454.15,42.80
1728384927776336145,12215,902.00,4802.00,1294.71,1537.90,55.11,158.00,7047.33,1311.49,446.54,66.11,8389.00,35.00,1120.61,269714.29,66.11,4459.00,3966.00,1120.36,2379.98,3.67
1728393353261307329,14215,589.00,6482.00,1044.26,1139.31,64.64,1044.75,7499.75,1107.54,314.71,6.27,9980.00,71.00,939.31,132971.83,6.27,1648.00,8416.00,938.53,1121.20,52.55
1728393377217310813,16254,817.00,7406.00,897.98,997.16,51.46,1404.75,9655.50,854.69,244.49,9.15,12644.00,67.00,742.74,140910.45,9.15,1923.00,10792.00,742.61,874.72,62.85
1728393522806448054,48206,30224.00,2829.00,223.43,2610.46,5.80,33611.00,9538.00,218.80,989.73,0.07,44330.00,25.00,212.82,377600.00,0.07,41462.00,43610.00,207.07,213.53,120.84
1728393577939867883,19197,4895.00,5734.00,694.80,1287.93,18.50,1006.00,12841.00,681.89,367.57,34.69,15123.00,38.00,622.65,248421.05,34.69,7647.00,11655.00,613.38,803.26,72.06
1728393630244357105,49212,30584.00,2842.00,220.94,2598.52,5.70,34070.00,9611.00,216.13,982.21,0.02,44843.00,25.00,210.39,377600.00,0.02,41103.00,44148.00,204.69,210.95,120.50
1728393685895514051,17207,2543.00,7232.00,755.42,1021.16,28.36,458.33,11820.67,769.25,266.61,73.57,13724.00,40.00,685.85,236000.00,73.57,6102.00,7666.00,685.72,1231.28,22.57
1728394485772528410,13201,1566.00,4777.00,1164.28,1545.95,36.60,591.67,8002.00,1099.06,394.27,73.30,9901.00,32.00,950.27,295000.00,73.30,5496.00,4448.00,950.17,2122.08,15.00
1728394540681727678,12203,1423.00,4708.00,1204.34,1568.61,43.56,274.00,7225.00,1260.43,436.15,76.56,8815.00,35.00,1066.67,269714.29,76.56,4913.00,3938.00,1066.55,2396.90,4.67
1728396552664594619,49219,30901.00,2991.00,217.89,2469.07,5.61,34407.00,9717.00,213.96,971.49,0.02,45280.00,25.00,208.37,377600.00,0.02,40920.00,44713.00,202.81,208.28,121.07
1728396669496663142,18178,5125.00,4253.00,787.48,1736.42,19.67,2669.00,10227.00,732.24,461.66,1.00,14213.00,28.00,662.87,337142.86,1.00,4540.00,13126.00,653.74,714.31,104.73
1728397668981957847,52204,32503.00,3064.00,207.64,2410.25,5.27,35980.00,10355.00,203.75,911.64,0.06,32626.00,14922.00,198.54,632.62,0.06,42052.00,46742.00,193.31,199.24,119.14
1728397728586799872,21187,6560.00,5936.00,590.94,1244.10,14.22,2096.50,13912.00,589.82,339.28,8.67,17216.00,36.00,547.18,262222.22,8.67,11826.00,16201.00,534.96,575.64,102.50
1728398305085854744,17189,5205.00,3887.00,812.16,1899.92,18.29,3487.00,9012.00,755.38,523.78,0.00,13686.00,19.50,688.80,242211.84,0.00,14248.00,12707.00,669.13,733.06,107.21
1728398411945333799,19198,5575.00,4804.00,711.46,1537.26,17.31,2862.00,11141.50,674.24,423.66,3.88,15199.00,29.00,619.91,325517.24,3.88,17375.00,14272.00,601.20,652.68,104.62
1728398474681081727,19180,5705.00,5024.00,688.32,1469.94,17.19,2857.50,11545.50,655.56,408.82,2.12,15655.00,30.00,601.81,314666.67,2.12,10182.00,14594.00,588.83,639.78,106.19
1728400467078931790,18195,5465.00,4192.00,764.73,1761.69,17.13,6842.00,6496.33,707.81,484.39,0.07,14502.25,13.50,650.79,195326.03,0.07,16468.00,13557.00,632.41,687.17,108.47
1728400527895453137,19188,6128.00,4803.00,675.60,1537.58,16.00,7422.00,7203.67,645.51,436.82,0.00,15776.25,13.50,598.38,190850.36,0.00,16241.00,14825.00,582.36,628.13,109.56
1728401390259673275,19204,5329.00,4594.00,744.23,1607.53,20.25,2966.00,10757.50,688.03,438.79,6.50,15022.00,29.00,627.16,325517.24,6.50,9434.00,13924.00,613.96,670.71,98.75
1728401682040479204,18238,5224.00,4021.00,798.72,1836.61,17.47,3566.50,9200.50,739.58,513.06,0.07,13973.00,27.00,674.29,349629.63,0.07,13471.00,12964.00,656.13,718.68,108.40
1728401738747853721,19198,5718.00,4704.00,708.53,1569.94,16.06,6954.67,7058.00,673.81,445.87,0.00,15186.50,16.75,621.75,166132.26,0.00,14722.00,14218.00,605.28,655.09,109.25
1728401863844120720,18255,1948.00,8090.00,735.70,912.86,21.00,1420.67,11563.33,727.65,272.24,16.47,3714.50,10470.00,665.54,225.43,16.47,8370.00,13043.00,652.97,716.40,78.20
1728402268323696558,17221,2102.00,7984.00,732.20,924.97,30.14,1366.00,11224.67,750.93,280.46,23.79,3665.25,10216.00,680.14,231.10,23.79,2082.00,12583.00,676.32,748.07,59.07
1728402482520833313,51193,31956.00,2952.00,211.55,2501.69,5.35,35376.00,10146.00,207.40,930.42,0.08,46702.00,26.00,202.02,363076.92,0.08,43132.00,46139.00,196.59,201.82,120.27
1728402542304184142,53205,34062.00,2954.00,199.50,2500.00,5.36,37253.00,10617.00,197.22,889.14,0.16,33689.00,15400.00,192.30,612.99,0.16,45100.00,48279.00,187.18,192.88,120.92
1728402637587055057,20185,5355.00,6137.00,642.62,1203.36,21.35,676.50,14414.00,625.79,327.50,54.65,4977.00,11479.00,573.63,274.16,54.65,5378.00,12701.00,568.84,740.10,45.53
1728406143839939508,20204,5613.00,5846.00,644.42,1263.26,26.47,542.50,14370.50,633.21,328.93,79.18,5581.33,10675.00,580.68,294.82,79.18,9479.00,10180.00,573.88,921.02,14.71
1728407654058079003,53200,33393.00,3020.00,202.81,2445.36,5.28,36733.00,10620.00,199.37,888.89,0.14,33265.00,15274.00,194.48,618.04,0.14,42907.00,47734.00,189.33,195.12,119.18
1728407725295096122,54201,34594.00,3004.00,196.41,2458.39,5.04,38029.00,10867.00,193.08,868.69,0.06,24414.00,25682.00,188.43,367.57,0.06,43856.00,48911.00,183.52,190.41,118.73
1728407808868316184,21225,2590.00,9940.00,589.34,742.96,26.39,2868.33,13630.00,573.46,230.88,15.94,3081.00,14707.83,530.77,106.99,15.94,4233.00,16389.00,525.23,572.21,63.44
1728407936521337069,51208,32111.00,2914.00,210.85,2534.32,5.50,35512.00,10299.00,206.09,916.59,0.27,30417.00,16602.00,200.77,568.61,0.27,43907.00,46112.00,195.44,201.94,120.19
1728407995122680425,21211,5517.00,7176.00,581.82,1029.12,15.72,1064.00,15316.00,576.45,308.18,9.83,3164.33,14551.00,532.86,216.76,9.83,6347.00,16525.00,525.04,566.48,80.94
1728408033014745310,21199,5585.00,7095.00,582.37,1040.87,27.67,548.50,15665.00,582.34,301.33,60.00,4469.00,12952.00,541.85,243.14,60.00,13971.00,13211.00,530.78,706.15,30.11
1728408658648005846,26207,11833.00,4903.00,441.26,1506.22,11.26,5398.00,16075.00,439.83,587.25,2.65,22626.00,39.00,416.50,242051.28,2.65,20058.00,21663.00,405.66,429.86,111.96
1728409137530653761,17228,4318.00,5481.00,753.57,1347.38,19.93,360.00,12227.00,750.23,386.10,72.57,3847.33,9983.67,682.52,315.22,72.57,12439.00,9937.00,668.19,939.72,27.57
1728409313748557807,52209,32938.00,3013.00,205.41,2451.05,5.41,36429.00,10623.00,200.65,888.64,0.14,31376.00,16877.00,195.63,559.34,0.14,45056.00,47397.00,190.44,196.47,120.82
1728409374681746490,22204,6131.00,7580.00,538.62,974.27,35.79,481.50,17063.50,538.78,276.65,85.11,3768.67,15046.00,501.72,209.15,85.11,7618.00,11236.00,501.46,839.89,0.21
1728411297492323167,26184,11938.00,4671.00,444.64,1581.03,11.22,11824.00,9559.50,441.54,493.76,0.00,22597.67,13.67,417.57,232250.79,0.00,23027.00,21665.00,405.90,429.86,114.78
1728411605221320921,16186,3446.00,4911.00,883.58,1503.77,25.62,896.00,10546.00,825.68,447.75,60.31,4191.67,8708.67,731.78,361.52,60.31,6503.00,9611.00,722.05,976.28,34.15
1728411730740209627,26223,11816.00,4801.00,444.42,1538.22,11.52,5319.00,16052.00,441.89,588.09,1.57,22527.00,38.00,418.33,248421.05,1.57,19868.00,21565.00,407.50,431.86,113.13
1728412204941656261,20220,2331.00,8796.00,663.70,839.59,37.41,2621.67,12631.33,619.98,249.15,10.59,3130.67,13465.67,569.01,116.86,10.59,2328.00,14337.00,568.57,658.16,58.29
1728413558369035352,17265,2059.00,6592.00,853.66,1120.30,33.50,2248.67,9628.33,797.58,326.83,11.64,2854.33,10301.50,717.75,152.74,11.64,1446.00,11764.00,717.16,802.02,58.71
1728416838442627676,66191,3035.00,57923.00,154.86,162.97,120.19,48751.00,12209.00,154.86,773.20,0.00,32461.00,29564.00,152.19,319.31,0.00,97080.00,6553.00,148.65,1421.18,4.29
1728416908576879546,66214,2902.00,57764.00,155.60,163.42,119.46,48440.00,12229.00,155.61,771.94,0.02,43692.00,18055.00,152.88,522.85,0.02,95502.00,7909.00,149.29,1177.39,5.25
1728416978612803984,66184,2950.00,57572.00,155.97,163.97,118.38,48399.00,12126.00,155.97,778.49,0.02,41522.00,20078.00,153.25,470.17,0.02,94307.00,8005.00,149.68,1163.40,4.73
1728417047637178654,67206,3053.00,58717.00,152.82,160.77,119.20,49570.00,12203.00,152.82,773.58,0.00,42673.00,20158.00,150.24,468.30,0.00,98939.00,8020.00,146.68,1161.10,5.42
1728417118673527325,64186,2856.00,56322.00,159.52,167.61,120.36,47349.00,11832.00,159.52,797.84,0.02,60207.00,43.00,156.68,219534.88,0.02,86461.00,14897.00,152.97,625.09,6.21
1728417186565970614,55197,35116.00,3028.00,193.61,2438.90,5.15,38315.00,10857.00,191.99,869.49,0.33,24860.00,25530.00,187.34,369.76,0.33,42328.00,49084.00,182.57,189.78,115.27
1728417244530501095,54189,34035.00,3083.00,198.95,2395.39,5.20,37468.00,10820.00,195.51,872.46,0.06,33975.00,15520.00,190.72,608.25,0.06,42104.00,48706.00,185.80,191.21,119.14
1728417301503787180,53216,33839.00,2916.00,200.92,2532.58,5.16,36988.00,10346.00,199.45,912.43,0.22,31599.00,16964.00,194.39,556.47,0.22,42983.00,47687.00,189.32,195.27,119.30
1728417357529808567,53200,34246.00,3002.00,198.26,2460.03,5.22,37350.00,10591.00,196.92,891.32,0.04,32044.00,17090.00,192.12,552.37,0.04,42009.00,48309.00,187.18,192.78,121.14
1728417414385798999,51217,32608.00,3002.00,207.38,2460.03,5.33,35952.00,9977.00,205.56,946.18,0.04,47103.00,21.00,200.32,449523.81,0.04,43566.00,46553.00,194.93,200.03,121.35
1728417469519544702,66194,3059.00,58233.00,154.02,162.11,120.27,49142.00,12153.00,154.02,776.76,0.00,32794.00,29558.00,151.40,319.37,0.00,96835.00,6678.00,147.90,1394.58,4.03
1728417539511533887,65187,3010.00,57323.00,156.46,164.68,120.45,48378.00,11958.00,156.46,789.43,0.00,43614.00,17775.00,153.77,531.08,0.00,93251.00,8191.00,150.21,1136.98,5.42
1728417608452272703,65195,2952.00,57292.00,156.70,164.77,120.40,48316.00,11931.00,156.70,791.22,0.00,41299.00,20002.00,153.99,471.95,0.00,93452.00,8175.00,150.41,1139.20,5.08
1728417677625302801,66203,2996.00,58007.00,154.74,162.74,120.33,48907.00,12100.00,154.74,780.17,0.03,41941.00,20118.00,152.11,469.23,0.03,94646.00,8176.00,148.58,1139.07,5.98
1728417747650881588,65227,2887.00,56644.00,158.57,166.65,119.02,47856.00,11678.00,158.57,808.36,0.02,60555.00,44.00,155.78,214545.45,0.02,86858.00,15548.00,152.08,598.92,6.19
1728417815713128094,54212,35136.00,2999.00,193.65,2462.49,5.16,38375.00,10652.00,192.56,886.22,0.22,24708.00,25530.00,187.91,369.76,0.22,43384.00,48997.00,183.13,190.07,118.24
1728417873698221628,53205,33769.00,2926.00,201.25,2523.92,5.28,36770.00,10497.00,199.73,899.30,0.24,33323.00,15139.00,194.79,623.56,0.24,43189.00,47607.00,189.73,195.60,118.34
1728417929741937022,53207,33965.00,2965.00,199.97,2490.73,5.26,37199.00,10336.00,198.61,913.31,0.10,31780.00,16950.00,193.72,556.93,0.10,41880.00,47865.00,188.68,194.57,119.80
1728417986745306449,53219,34100.00,3051.00,198.78,2420.52,5.16,37315.00,10582.00,197.11,892.08,0.02,32159.00,16928.00,192.31,557.66,0.02,42826.00,48274.00,187.29,192.90,121.24
1728418043833152346,53229,33924.00,3026.00,199.86,2440.52,5.14,36796.00,10439.00,199.88,904.30,0.06,48412.00,21.00,194.90,449523.81,0.06,41963.00,47823.00,189.82,194.72,119.38
1728418100010164109,67225,3003.00,58836.00,152.65,160.45,119.52,49417.00,12425.00,152.65,759.76,0.00,32808.00,30106.00,150.04,313.56,0.00,100921.00,5040.00,146.56,1847.62,3.92
1728418171112709595,66229,2956.00,57801.00,155.37,163.32,119.59,48542.00,12218.00,155.37,772.63,0.00,43676.00,18142.00,152.70,520.34,0.00,96285.00,6092.00,149.17,1529.05,5.41
1728418241222236820,66210,2975.00,58081.00,154.61,162.53,120.43,48860.00,12199.00,154.61,773.83,0.00,41646.00,20468.00,151.98,461.21,0.00,96476.00,6182.00,148.47,1506.79,5.83
1728418311286611926,67212,3014.00,58450.00,153.58,161.51,118.55,49169.00,12298.00,153.58,767.60,0.00,42320.00,20210.00,150.97,467.10,0.00,97931.00,6223.00,147.46,1496.71,4.61
1728418381261748264,66220,3060.00,58048.00,154.48,162.62,120.73,48984.00,12127.00,154.48,778.43,0.00,62129.00,40.00,151.84,236000.00,0.00,94035.00,10208.00,148.27,912.23,6.06
1728418451338626957,55218,35225.00,2969.00,193.35,2487.37,5.29,38583.00,10637.00,191.80,887.47,0.17,24769.00,25651.00,187.23,368.02,0.17,44885.00,49102.00,182.39,189.65,115.56
1728418509309577330,53206,34384.00,2958.00,197.76,2496.62,5.16,37606.00,10456.00,196.43,902.83,0.20,33956.00,15310.00,191.61,616.59,0.20,43769.00,48437.00,186.59,192.25,120.72
1728418566317415091,53221,34498.00,2909.00,197.42,2538.67,5.32,37718.00,10459.00,195.96,902.57,0.04,32184.00,17172.00,191.26,549.73,0.04,41242.00,48484.00,186.36,192.13,120.90
1728418623222303201,54237,34647.00,2982.00,196.25,2476.53,5.10,37855.00,10664.00,194.57,885.22,0.25,32557.00,17141.00,189.94,550.73,0.25,43378.00,48845.00,185.03,190.66,119.75
1728418681159302536,53202,33553.00,2971.00,202.19,2485.70,5.16,36911.00,10268.00,200.11,919.36,0.14,48366.00,22.00,195.09,429090.91,0.14,43540.00,47803.00,189.91,194.80,119.00
1728418737222891171,66198,3046.00,58206.00,154.12,162.18,120.29,48922.00,12333.00,154.12,765.43,0.00,32412.00,29893.00,151.51,315.79,0.00,96669.00,6586.00,148.00,1414.06,4.00
1728418807169912100,65210,2859.00,56916.00,157.93,165.86,120.19,47836.00,11942.00,157.93,790.49,0.00,43007.00,17838.00,155.15,529.21,0.00,93848.00,7749.00,151.52,1201.70,5.61
1728418876286032555,65215,2898.00,57116.00,157.30,165.28,120.19,48017.00,12001.00,157.30,786.60,0.00,41117.00,19958.00,154.56,472.99,0.00,94239.00,7915.00,150.93,1176.50,5.94
1728418945312470796,66203,2939.00,57668.00,155.76,163.70,118.65,48453.00,12158.00,155.76,776.44,0.00,41593.00,20084.00,153.05,470.03,0.00,95379.00,7859.00,149.47,1184.88,4.97
1728419014359710234,64221,2809.00,56060.00,160.35,168.39,120.39,47050.00,11821.00,160.36,798.58,0.00,59881.00,41.00,157.54,230243.90,0.00,86064.00,14701.00,153.83,633.49,6.00
1728419082371893273,54188,34878.00,3014.00,194.90,2450.23,5.22,38190.00,10582.00,193.56,892.08,0.27,24696.00,25254.00,188.99,373.80,0.27,43442.00,48714.00,184.13,191.18,118.00
1728419140273412940,53226,33693.00,3050.00,200.99,2421.31,5.22,36916.00,10393.00,199.55,908.30,0.14,33513.00,14998.00,194.60,629.42,0.14,42074.00,47704.00,189.54,195.20,119.18
1728419196269837470,53219,33738.00,3029.00,200.86,2438.10,5.12,36948.00,10413.00,199.34,906.56,0.02,31662.00,16896.00,194.41,558.71,0.02,42126.00,47727.00,189.34,195.11,119.48
1728419252325268567,53206,34142.00,3066.00,198.48,2408.68,5.22,37341.00,10558.00,197.09,894.11,0.08,32220.00,16865.00,192.32,559.74,0.08,41728.00,48265.00,187.35,192.96,121.00
1728419309312561383,51233,32481.00,3014.00,208.05,2450.23,5.38,35627.00,10120.00,206.38,932.81,0.02,46908.00,20.00,201.15,472000.00,0.02,41841.00,46345.00,195.82,200.93,121.19
1728419364424495770,67225,3035.00,58797.00,152.67,160.55,119.25,49415.00,12421.00,152.67,760.00,0.00,32732.00,30174.00,150.07,312.85,0.00,99149.00,5021.00,146.60,1855.01,3.98
1728419435464866987,66180,2948.00,57850.00,155.27,163.18,120.02,48691.00,12110.00,155.27,779.52,0.02,43563.00,18297.00,152.60,515.93,0.02,97293.00,6075.00,149.04,1533.17,5.59
1728419505445698192,66198,2927.00,58300.00,154.18,161.92,120.48,49167.00,12063.00,154.18,782.56,0.00,42065.00,20227.00,151.54,466.70,0.00,98431.00,6073.00,148.02,1533.34,4.67
1728419575332528959,67247,3022.00,58532.00,153.36,161.28,118.50,49132.00,12425.00,153.36,759.76,0.03,42248.00,20367.00,150.76,463.49,0.03,100633.00,6151.00,147.21,1513.90,4.81
1728419645445086818,66189,2955.00,58268.00,154.19,162.01,120.68,49190.00,12036.00,154.19,784.31,0.00,62264.00,41.00,151.51,230243.90,0.00,94449.00,10080.00,147.95,923.81,6.05
1728419715493887676,55196,35178.00,3012.00,193.38,2451.86,5.15,38520.00,10678.00,191.89,884.06,0.19,24692.00,25724.00,187.24,366.97,0.19,44524.00,49123.00,182.44,189.56,115.96
1728419773471733287,53202,34377.00,2882.00,198.21,2562.46,5.22,37491.00,10515.00,196.66,897.77,0.08,33942.00,15254.00,191.88,618.85,0.08,42203.00,48360.00,186.94,192.60,121.10
1728419830485697386,54201,34474.00,2987.00,197.13,2472.38,5.20,37599.00,10592.00,195.91,891.24,0.20,32214.00,17200.00,191.04,548.84,0.20,45372.00,48511.00,186.04,191.96,118.33
1728419887422173483,54206,34950.00,2965.00,194.77,2490.73,5.22,38200.00,10620.00,193.38,888.89,0.29,32828.00,17183.00,188.76,549.38,0.29,42314.00,49128.00,183.90,189.61,120.84
1728419945330244942,52201,33576.00,2914.00,202.38,2534.32,5.27,36719.00,10369.00,200.49,910.41,0.16,48257.00,23.00,195.52,410434.78,0.16,42301.00,47701.00,190.39,195.24,121.24
1728425298268986688,19241,2546.00,8297.00,681.08,890.08,37.00,2394.33,11674.00,672.59,269.57,11.31,2883.67,12581.17,610.49,125.10,11.31,1941.00,13562.00,610.10,695.84,52.69
1728425331710057857,22241,3812.00,9657.00,548.30,764.73,24.37,2530.33,14885.33,542.58,211.42,6.53,2968.33,15861.50,501.39,99.20,6.53,1517.00,17351.00,501.12,543.89,72.47
1728425383216423677,50213,31087.00,2993.00,216.70,2467.42,5.45,34359.00,9952.00,213.06,948.55,0.04,45471.00,25.00,207.49,377600.00,0.04,41828.00,44911.00,201.89,207.34,119.09
1728425514100050345,50214,31090.00,2905.00,217.23,2542.17,5.53,34485.00,10022.00,212.13,941.93,0.02,45677.00,26.00,206.55,363076.92,0.02,41529.00,45101.00,201.06,206.49,119.87
1728425640504034461,16215,2662.00,5877.00,864.86,1256.59,36.08,2040.67,9154.00,847.08,343.86,8.46,2831.00,9727.33,751.81,161.77,8.46,1811.00,10812.00,751.03,872.73,63.85
1728504404659933058,22229,3779.00,8924.00,581.36,827.54,28.58,2147.67,14562.00,566.22,216.11,19.21,3009.33,15127.50,520.62,104.02,19.21,1548.00,16660.00,520.29,566.45,57.21
1728506303633302421,21210,2323.00,9298.00,635.43,794.26,36.39,2369.67,13275.00,604.11,237.11,8.56,3064.33,14035.50,552.26,112.11,8.56,1814.00,15323.00,551.84,615.87,60.94
1728506865149137656,20119,6625.00,6193.00,651.22,1347.86,16.24,6514.00,9038.67,623.41,349.15,4.94,6344.17,10079.50,576.48,156.55,4.94,9796.00,6629.00,576.47,1428.18,6.18
1728506917281429963,24138,8854.00,7845.00,499.87,1064.03,15.71,8114.67,11414.33,495.80,276.48,8.62,7684.50,12634.17,465.97,124.89,8.62,12059.00,8275.00,465.96,1144.10,7.00
1728507601049043067,56107,40820.00,3713.00,187.44,2248.12,1.55,39693.00,11459.00,185.49,826.21,1.38,51901.00,396.00,181.03,23907.83,1.38,2288.00,50009.00,181.03,189.32,11.79
1728507711265278453,55125,40575.00,3471.00,189.51,2404.86,1.54,39408.00,10859.00,188.63,871.86,2.35,51066.00,411.00,183.91,23035.28,2.35,5728.00,45822.00,183.90,206.60,10.87
1728507848455548634,55119,40964.00,3518.00,187.65,2372.73,1.65,39608.00,11077.00,187.08,854.70,1.35,51466.00,427.00,182.44,22172.13,1.35,6116.00,45805.00,182.43,206.69,11.87
1728507967218924686,22116,7618.00,6864.00,576.35,1216.10,11.26,7289.67,9986.00,560.57,316.03,4.74,7004.83,11110.33,522.63,142.02,4.74,11763.00,6356.00,522.60,1489.51,12.05
1728508091020390971,54111,39832.00,3432.00,192.94,2432.19,1.16,38762.00,10761.00,191.54,879.80,1.16,50268.00,390.00,186.89,24275.64,1.16,4166.00,46513.00,186.88,203.54,12.59
1728508160324038159,56162,41187.00,3701.00,185.96,2255.41,1.30,40030.00,11125.00,185.43,851.01,0.96,51962.00,367.00,180.92,25797.00,0.96,1456.00,50897.00,180.91,186.01,12.43
1728508284439271706,56128,41315.00,3737.00,185.28,2233.69,1.43,40061.00,11493.00,183.97,823.76,1.62,52388.00,341.00,179.55,27763.93,1.62,1451.00,51290.00,179.54,184.58,11.57
1728508549755805351,54132,39591.00,3452.00,193.92,2418.10,1.33,38533.00,10743.00,192.52,881.27,2.35,50103.00,356.00,187.62,26594.10,2.35,2923.00,47548.00,187.62,199.11,10.98
1728508622032506970,23145,10284.00,5859.00,517.08,1424.69,3.30,3378.00,15402.00,507.75,614.69,4.50,19134.00,760.00,475.90,12457.24,4.50,7080.00,12814.00,475.89,738.84,6.40
1728509363048815908,20163,8086.00,5229.00,626.91,1596.34,2.53,5628.50,10184.50,602.22,464.80,0.06,16447.00,536.00,557.47,17663.25,0.06,1680.00,15305.00,557.46,618.57,15.06
1728510670952959165,58130,43243.00,3891.00,177.09,2145.28,0.95,42631.00,11134.00,176.23,850.32,0.85,25516.00,29459.00,172.21,321.38,0.85,19862.00,35119.00,172.21,269.58,8.93
1728510734225295551,57111,42272.00,3936.00,180.65,2120.75,1.07,42403.00,10243.00,180.08,924.29,1.81,40443.00,13382.00,175.89,707.48,1.81,9369.00,44457.00,175.89,212.95,10.33
1728510795380844268,58116,42517.00,3928.00,179.72,2125.07,1.25,42461.00,10407.00,179.32,909.72,1.11,40628.00,13416.00,175.18,705.69,1.11,9454.00,44622.00,175.17,212.17,10.89
1728510857299832407,57109,42478.00,3680.00,180.84,2268.28,1.04,41980.00,10729.00,179.87,882.42,0.85,35880.00,18004.00,175.70,525.86,0.85,6714.00,47185.00,175.69,200.64,11.28
1728511047334556268,19118,6225.00,6231.00,670.14,1339.64,8.19,1570.00,13287.00,644.79,356.27,14.25,7495.33,8446.67,593.83,373.62,14.25,8503.50,7439.50,593.83,636.30,2.50
1728513783656154623,21123,6912.00,6707.00,612.87,1244.56,8.61,1624.50,14353.50,598.92,329.80,13.78,7946.33,9111.33,555.05,346.37,13.78,9088.00,7973.00,555.03,593.72,1.83
1728513812323402058,23122,8225.00,7418.00,533.58,1125.27,6.95,1614.50,16358.00,532.08,289.39,14.45,8934.33,10115.67,496.97,311.98,14.45,10010.50,9045.50,496.95,523.33,2.65
1728513858890578574,22130,7791.00,7062.00,561.96,1182.00,6.21,1686.50,15602.50,553.51,303.40,15.53,8748.33,9629.67,515.13,327.72,15.53,10003.50,8375.50,515.12,565.20,3.53
1728513894346389132,26127,9820.00,7959.00,469.48,1048.79,10.83,3983.00,17120.50,455.94,276.50,10.43,8993.33,13036.33,429.75,121.04,10.43,8769.00,13263.00,429.75,713.83,4.22
1728513931224019232,24126,9585.00,7572.00,486.52,1102.39,10.67,3869.50,16142.00,480.68,293.26,10.43,8648.67,12298.33,451.97,128.31,10.43,8244.00,12705.00,451.95,745.17,3.95
1728513970556099345,23139,8195.00,7533.00,530.69,1108.10,8.10,1649.00,16479.00,527.66,287.26,15.45,8980.00,10239.33,492.62,308.21,15.45,10206.00,9018.50,492.61,524.90,1.55
1728514501418345335,21130,7331.00,6677.00,595.85,1250.15,6.78,1634.00,14759.00,582.90,320.74,16.83,5357.00,12147.00,540.88,259.80,16.83,9081.50,8423.50,540.87,561.98,1.78
1728514545308117753,22154,7856.00,7183.00,555.04,1162.09,8.16,1545.00,15842.00,550.08,298.81,15.21,8711.00,9792.67,511.66,322.27,15.21,9786.00,8721.00,511.64,542.83,1.37
1728514574627518940,23120,8747.00,7783.00,504.95,1072.50,8.65,1512.50,17125.50,512.66,276.42,15.15,9231.33,10498.00,479.85,300.62,15.15,11333.50,8400.50,479.85,563.53,1.35
1728514770310906322,54113,39404.00,3343.00,195.27,2496.94,0.98,38664.00,10289.00,193.66,920.16,2.51,49754.00,392.00,188.80,24151.79,2.51,6726.00,43494.00,188.78,217.66,11.35
1728515080689553696,16130,3317.00,6273.00,870.42,1330.67,9.54,2036.67,9449.33,836.01,333.98,6.77,11780.00,747.00,755.77,12674.07,6.77,6824.00,5703.00,755.71,1660.09,3.46
1728515219267255199,14143,2313.00,4940.00,1150.71,1689.73,16.36,3372.25,5733.75,1061.21,412.80,3.73,9459.00,671.00,934.51,14109.58,3.73,7654.00,2477.00,934.51,1911.08,4.45
1728515264643837772,15129,2711.00,5565.00,1008.61,1499.96,12.83,3730.75,6462.25,951.51,366.26,8.75,10399.00,756.00,848.65,12523.19,8.75,8363.00,2792.50,848.72,1695.30,4.42
1728515296120848400,17131,3498.00,6822.00,808.77,1223.58,11.14,4406.50,7927.50,786.95,298.57,9.14,12465.00,789.00,714.26,11999.41,9.14,7164.00,6090.00,714.26,1554.60,3.00
1728515323634876215,17131,3932.00,7118.00,755.34,1172.70,11.86,4833.75,8299.75,740.23,285.18,6.36,13014.00,973.00,676.83,9730.25,6.36,10484.50,3503.00,676.83,1351.36,1.86
1728515372862442176,15135,2939.00,5553.00,982.96,1503.20,16.25,3965.50,6523.75,920.92,362.81,4.75,10737.00,766.00,822.98,12359.70,4.75,8746.00,2760.00,822.97,1715.13,4.58
1728515503182437422,16168,717.00,8087.00,841.91,916.66,15.54,1538.25,9443.50,862.44,249.99,5.46,12178.00,118.00,767.79,80012.71,5.46,7474.00,4826.50,767.72,998.84,6.92
1728515532103985592,32134,8143.00,16688.00,336.16,500.20,10.66,8629.75,19480.25,349.37,121.50,8.69,25028.00,3265.00,334.62,2899.70,8.69,20385.00,7908.00,334.62,598.79,4.14
1728515573641657570,17121,3876.00,7126.00,758.71,1171.38,12.14,4725.25,8304.75,745.46,285.01,8.86,12874.00,1005.00,682.10,9420.43,8.86,10443.00,3438.50,682.10,1376.69,6.71
1728515603782724019,17163,934.00,8611.00,776.64,860.88,11.29,1841.75,10327.25,777.98,228.56,8.57,13267.00,100.00,706.33,94415.00,8.57,8316.50,5080.00,705.97,947.30,8.21
1728515631345431342,18125,3978.00,7540.00,724.72,1107.07,15.60,4804.00,8691.75,720.50,272.31,6.53,13277.00,1101.00,658.43,8599.03,6.53,10801.00,3578.00,658.43,1323.05,2.07
1728515657071651004,18146,3896.00,7490.00,733.12,1114.46,14.93,4757.50,8936.00,710.85,264.87,7.80,13424.00,1128.00,650.56,8393.20,7.80,10834.50,3718.50,650.55,1273.03,3.27
1728551405781040631,13115,2189.00,5269.00,1119.09,1584.22,30.90,2933.25,5848.50,1123.88,404.71,18.00,8900.00,712.00,984.87,13297.09,18.00,7142.50,2470.50,984.86,1916.11,18.10
1728551433243998293,16126,3268.00,6623.00,843.84,1260.35,12.15,4261.50,7674.25,814.03,308.42,6.31,11912.00,931.00,737.12,10169.21,6.31,9610.50,3233.50,737.11,1463.98,6.31
1728551461937873487,17145,3339.00,7285.00,785.70,1145.82,33.21,4156.50,8721.50,768.30,271.39,19.43,12462.00,1064.00,699.90,8898.06,19.43,9930.50,3598.00,699.90,1315.68,3.71
1728551490968436409,18138,3668.00,8126.00,707.76,1027.23,28.60,4483.75,9666.75,700.51,244.85,27.40,13533.00,1181.00,643.39,8016.54,27.40,10748.00,3967.00,643.39,1193.29,19.20
1728551516063823639,33124,8293.00,18617.00,310.18,448.37,27.27,8716.75,21462.00,330.72,110.28,31.97,26645.00,3197.00,317.24,2961.38,31.97,18046.00,11796.50,317.24,433.43,13.23
1728551556743636633,18130,3704.00,8015.00,712.29,1041.46,52.33,4699.75,9410.00,705.28,251.53,15.53,13422.00,1190.00,647.93,7955.91,15.53,10717.50,3894.00,647.93,1215.68,5.67
1728551747219566983,13119,2127.00,5045.00,1163.71,1654.57,34.10,2879.25,5589.75,1163.13,423.44,17.30,8767.00,639.00,1006.54,14816.17,17.30,7041.50,2365.50,1006.54,2001.18,22.80
1728551773443377262,19136,4288.00,7752.00,693.30,1076.79,11.81,5218.25,8965.00,686.13,264.01,9.94,13938.00,1091.00,629.91,8677.85,9.94,11198.00,3832.00,629.91,1235.32,2.38
1728551799887317255,18139,4241.00,7628.00,703.28,1094.29,10.73,5105.50,8875.50,696.16,266.68,11.27,13718.00,1087.00,639.48,8709.78,11.27,11098.50,3706.50,639.48,1277.15,3.47
1728551824436304511,18131,4302.00,7505.00,706.92,1112.23,15.27,5164.75,8791.75,698.20,269.22,5.60,13674.00,1082.00,641.61,8750.03,5.60,11083.50,3672.00,641.60,1289.15,3.33
1728551851398887376,19134,3841.00,8548.00,673.71,976.52,51.75,5002.00,10047.75,668.87,235.57,42.69,14080.00,1298.00,615.65,7293.94,42.69,11166.00,4212.50,615.65,1123.88,20.81
1728551876418960544,19137,4038.00,8548.00,663.17,976.52,60.50,5062.75,10084.50,665.35,234.71,36.06,14145.00,1308.00,612.63,7238.17,36.06,11321.00,4132.50,612.62,1145.50,17.50
1728551947610542849,17119,3202.00,7170.00,804.71,1164.20,36.57,4378.00,8358.50,779.14,283.17,28.86,12270.00,1094.00,708.38,8654.05,28.86,9838.50,3529.00,708.38,1341.40,3.29
1728551971363595294,19126,4060.00,8294.00,675.67,1006.42,42.75,5093.75,9743.75,670.55,242.91,20.94,14063.00,1257.00,617.94,7531.85,20.94,11287.50,4033.00,617.94,1173.85,10.69
1728552000399762890,18131,3762.00,7590.00,735.25,1099.77,33.33,4773.00,9014.00,721.30,262.58,29.60,13168.00,1180.00,659.80,8023.33,29.60,10580.00,3768.50,659.83,1256.15,13.80
1728552025196654945,20147,4448.00,9078.00,617.13,919.51,32.24,5224.50,10665.75,625.76,221.92,31.00,15005.00,1352.00,578.81,7002.61,31.00,12036.50,4321.00,578.80,1095.78,8.94
1728552058174176533,18118,3861.00,7179.00,756.03,1162.74,10.33,4829.25,8341.75,741.46,283.74,10.60,12940.00,1060.00,676.20,8931.63,10.60,10491.00,3510.00,676.20,1348.72,4.87
1728552105653331737,16118,3628.00,5986.00,868.15,1394.47,5.00,4683.75,6862.50,831.85,344.90,4.23,11756.00,837.00,751.81,11311.27,4.23,9534.50,3058.50,751.81,1547.74,1.62
1728552132143210744,18121,4530.00,7198.00,711.74,1159.67,5.20,5498.00,8196.50,701.66,288.77,2.27,13688.00,1006.00,644.27,9411.06,2.27,11075.00,3619.50,644.27,1307.85,2.00
1728552160098299570,19130,3857.00,8393.00,681.36,994.55,48.19,4919.75,9987.00,675.23,237.00,32.56,13955.00,1272.00,621.72,7443.03,32.56,11054.50,4175.00,621.72,1133.88,26.00
1728552191752884187,32133,8483.00,17396.00,322.54,479.84,24.55,9051.00,20083.00,342.71,117.86,24.00,25588.00,3240.00,328.40,2922.08,24.00,19298.50,9529.50,328.40,506.85,8.48
1728552234416778401,19152,4281.00,8235.00,666.93,1013.63,24.81,5335.25,9600.00,662.78,246.55,19.62,14260.00,1236.00,610.97,7659.81,19.62,11446.00,4049.50,610.96,1168.97,14.25
1728552274868981432,17117,3829.00,6486.00,809.16,1286.97,8.93,4976.50,7693.50,762.01,307.65,6.43,12688.00,963.00,693.49,9831.29,6.43,10293.50,3358.00,693.49,1409.71,2.00
1728552301445012358,18118,4441.00,6963.00,731.90,1198.81,7.73,5391.25,7977.75,718.67,296.69,2.80,13409.00,978.00,658.06,9680.50,2.80,10872.50,3515.00,658.06,1346.73,0.60
1728552329114648420,18121,3731.00,7569.00,738.63,1102.82,34.93,4809.25,8914.75,725.12,265.51,21.33,13142.00,1144.00,662.67,8275.81,21.33,10526.00,3760.50,662.67,1258.99,10.80
1728554269818192500,14125,2413.00,5664.00,1033.46,1473.74,37.00,3449.25,6629.00,976.59,357.05,16.27,10053.00,844.00,868.74,11217.45,16.27,8093.50,2805.50,868.74,1687.43,15.27
1728554932246346632,14114,2150.00,5187.00,1137.70,1609.27,55.27,3292.00,6122.75,1045.97,386.59,12.36,9528.00,764.00,919.80,12392.06,12.36,7659.00,2634.00,919.80,1797.22,1.27
0,34763,10398.88,10328.88,453.47,119.37,41.54,17818.50,8074.50,419.60,292.34,1.62,23527.00,40.00,400.54,236000.00,1.62,10313.00,13460.00,399.56,700.15,15.33
0,33887,10583.12,10060.38,455.47,120.26,44.17,19205.00,7722.50,424.19,305.61,0.96,23299.00,42.00,404.44,224761.90,0.96,11380.00,12038.00,403.79,783.27,13.79
0,204068,13253.88,8813.00,426.03,138.99,33.65,20492.50,7592.75,395.67,310.88,0.73,25006.00,40.00,376.89,236000.00,0.73,8837.00,16328.00,376.10,577.23,25.35
0,36770,11674.25,10281.88,428.14,118.52,47.35,21173.00,7827.50,397.70,301.67,0.88,24975.00,45.00,377.28,209777.78,0.88,12741.00,12423.00,376.43,758.59,10.77
0,41988,15528.88,6882.12,421.33,178.51,407.46,21354.00,7605.50,399.24,310.43,2.08,24653.00,340.00,377.84,27775.92,2.08,9376.00,17039.00,377.14,553.51,602.85
0,34150,18010.12,4546.75,418.47,277.64,78.28,16974.25,7567.00,411.70,312.01,3.32,23696.00,318.00,393.26,29697.52,3.32,5911.00,18364.00,392.94,513.96,170.76
0,43502,26221.12,4885.25,303.39,259.55,71.32,27208.50,6161.50,296.68,383.18,0.50,7472.00,25720.00,284.52,367.18,0.50,30409.00,3516.00,284.32,2684.03,0.09
0,48453,19905.25,4808.25,381.95,262.16,97.48,18549.75,8204.00,376.32,287.79,4.19,16464.00,9725.50,360.59,242.77,4.19,7408.00,19408.00,360.25,486.27,227.89
0,43932,21614.88,5835.25,343.85,204.54,107.29,28176.75,7283.00,326.69,324.18,3.87,23793.75,6459.50,312.16,365.51,3.87,7657.00,22650.00,312.12,416.89,219.90
0,41511,19874.62,6189.50,362.14,192.64,122.76,23674.00,8153.75,345.14,289.57,3.34,19005.25,9743.25,328.49,242.32,3.34,9451.00,19298.00,328.49,489.36,202.90
0,46495,29573.88,5494.88,269.08,218.30,87.79,35116.00,6225.50,257.81,379.26,4.16,32329.50,5656.75,248.64,417.40,4.16,8723.00,29260.00,248.63,322.75,240.42
0,43814,28255.25,4977.50,283.93,238.58,83.69,33378.00,6015.25,271.74,392.51,1.36,30435.25,5449.50,263.18,433.27,1.36,7861.00,28172.00,263.11,335.15,248.69
0,38622,19101.75,5680.25,380.84,209.52,117.11,22947.25,7893.75,361.72,299.09,7.39,20284.50,6918.75,347.16,341.27,7.39,7834.00,19370.00,347.15,487.54,205.89
0,459732,429827.75,3738.00,21.76,375.96,5.30,442015.50,4179.50,21.17,564.92,0.22,444429.50,3607.75,21.08,654.70,0.22,155063.00,444855.00,21.00,21.19,329.32
0,38857,19547.75,5579.25,375.61,213.38,117.14,23468.00,7626.75,357.07,309.56,4.93,20807.25,6715.25,343.12,351.62,4.93,7799.00,19725.00,343.12,478.76,208.82
0,46431,20324.50,6259.88,355.02,191.79,119.30,24704.25,8033.25,338.26,293.90,4.40,19532.50,9628.00,323.85,245.23,4.40,7608.00,21553.00,323.84,438.16,205.63
0,39057,20303.00,6300.50,354.76,190.22,120.97,24817.00,7832.75,337.58,301.42,1.77,19842.50,9458.50,322.30,249.63,1.77,8367.00,20934.00,322.30,451.11,208.17
0,36235,18268.00,6079.50,387.65,197.45,124.37,22778.00,7365.25,367.99,320.56,1.30,26649.00,350.00,349.77,26982.14,1.30,7809.00,19192.00,349.75,492.03,206.81
0,138109,18974.25,6582.25,369.31,182.98,127.86,24300.25,7491.00,351.44,315.18,2.86,27825.00,353.00,335.15,26752.83,2.86,7880.00,20298.00,335.14,465.25,201.76
1728673552276685392,70982,2447.00,54588.00,165.58,173.00,76.05,44962.00,12085.00,165.58,781.44,0.00,57623.00,533.00,162.39,17717.99,0.00,51897.00,6259.00,162.38,1508.81,2.71
1728673625694348866,72409,2750.00,57029.00,157.97,165.59,74.40,46499.00,13295.00,157.97,710.32,0.06,32344.00,28784.00,154.49,328.09,0.06,57125.00,4597.00,154.41,2053.23,2.61
1728673700701159688,68613,2332.00,54283.00,166.80,173.97,75.67,45140.00,11489.00,166.80,821.98,0.00,44247.00,13731.00,162.88,687.76,0.00,53770.00,4553.00,162.80,2073.07,2.72
1728673771892653839,69327,2391.00,54287.00,166.62,173.96,74.68,45277.00,11413.00,166.62,827.45,0.00,44436.00,13569.00,162.81,695.98,0.00,53808.00,4512.00,162.72,2091.91,2.68
1728673842694192111,69494,2374.00,55162.00,164.14,171.20,75.83,45290.00,12260.00,164.14,770.28,0.00,42054.00,16844.00,160.34,560.66,0.00,54885.00,4428.00,160.25,2131.59,2.71
0,102850,15564.75,7481.88,409.56,161.84,191.23,21459.00,7781.50,386.85,303.41,1.42,25119.00,359.00,370.67,26305.88,1.42,8472.00,17012.00,370.63,555.09,139.35
0,37301,17232.75,5092.75,422.78,232.12,107.68,21420.25,7149.50,398.15,330.23,2.28,24459.00,330.00,380.97,28617.61,2.28,6301.00,18489.00,380.96,510.77,222.28
0,40653,17292.75,6470.50,397.21,184.61,140.26,22163.75,7752.00,376.82,304.56,2.96,26040.00,348.00,357.88,27137.39,2.96,7319.00,19069.00,357.88,495.24,188.70
1728677937528707666,62719,1826.00,52662.00,173.31,179.33,77.32,43236.00,11263.00,173.31,838.47,0.00,55059.00,506.00,169.95,18663.41,0.00,50404.00,5163.00,169.95,1829.08,1.41
1728678002758091250,67829,2748.00,56668.00,158.94,166.65,74.38,46456.00,12974.00,158.94,727.89,0.02,32276.00,28455.00,155.50,331.88,0.02,56731.00,4590.00,155.42,2056.36,2.62
1728678073249342609,64758,2359.00,53886.00,167.90,175.25,75.84,45112.00,11146.00,167.90,847.27,0.03,44079.00,13495.00,164.02,699.79,0.03,53428.00,4496.00,163.94,2099.35,2.72
1728678140521671858,64851,2218.00,54144.00,167.55,174.42,75.78,45141.00,11234.00,167.55,840.63,0.02,44345.00,13337.00,163.72,708.08,0.02,53601.00,4392.00,163.63,2149.09,2.76
1728678207977886579,65787,2334.00,54892.00,165.02,172.04,75.76,45333.00,11907.00,165.02,793.12,0.00,42057.00,16518.00,161.22,571.72,0.00,54581.00,4401.00,161.14,2144.67,2.68
1728678387010351866,32638,17998.83,5727.50,397.82,288.15,36.23,6898.00,17327.00,390.77,545.03,40.46,24800.00,451.00,373.99,20939.44,40.46,16222.00,9030.00,373.99,1045.81,11.00
0,22252,16065.00,472.00,203.36,2131.43,6.06,1728743649062.50,736.00,198.17,1121.91,0.11,17029.00,10.00,193.72,330100.00,0.11,1589.00,16460.00,191.64,199.45,49.06
0,20350,15878.75,465.75,205.75,2160.41,5.65,1728743736664.25,730.00,200.48,1130.84,0.06,16845.00,11.00,195.82,300090.91,0.06,1616.00,16255.00,193.71,201.97,51.18
0,19786,15931.25,490.75,204.78,2074.37,6.28,1728744306678.75,729.00,199.47,1132.36,0.06,16934.00,11.00,194.80,300090.91,0.06,1581.00,16281.00,192.81,201.71,48.39
0,1461443,15739.50,497.75,207.11,2092.36,5.65,1728747195298.25,732.00,201.84,1128.80,0.24,16726.00,13.00,197.19,253923.08,0.24,1610.00,16072.00,195.09,204.27,50.29
0,18990,15836.75,488.75,206.00,2102.68,5.65,1728747712467.75,724.00,200.73,1140.29,0.00,16812.00,11.00,196.22,300090.91,0.00,1491.00,16180.00,194.24,202.97,51.18
0,20392,16105.75,497.50,202.54,2040.99,5.83,1728750249370.50,759.00,197.35,1087.63,0.17,17099.00,12.00,192.91,275083.33,0.17,1514.00,16481.00,190.94,199.26,49.17
0,22544,17026.50,631.00,192.58,2861.21,32.53,1728761137484.50,1582.50,185.35,1042.50,0.05,18163.00,30.00,181.35,109983.33,0.05,3995.00,17884.00,179.38,183.47,329.21
0,19823,15829.50,634.50,206.54,2846.96,38.44,1728761242038.00,1585.50,198.78,1040.62,0.28,16949.00,36.00,194.26,91652.78,0.28,3800.00,16672.00,192.18,196.81,319.06
0,19255,16201.50,634.00,201.98,2862.49,32.44,1728761296676.00,1590.00,194.47,1037.76,0.17,17325.00,34.00,190.07,97044.12,0.17,3779.00,17038.00,188.04,192.57,334.33
0,26998,15521.00,819.00,208.10,4152.01,34.59,1728761684397.00,2677.00,201.90,1232.54,0.35,16673.00,43.00,197.37,76732.56,0.35,20235.00,16534.00,192.25,196.85,319.71
0,20026,16149.00,820.00,200.39,4146.95,32.56,1728761798022.00,2773.00,194.42,1189.87,0.50,17327.00,41.00,189.98,80475.61,0.50,21918.00,17184.00,184.90,189.39,316.06
0,19035,15647.00,832.00,206.35,4087.14,27.53,1728762307129.00,2692.00,200.20,1225.67,0.82,16818.00,47.00,195.64,70202.13,0.82,3015.00,16535.00,193.81,198.61,211.82
0,23369,15937.00,857.00,202.48,3967.91,26.17,1728763266799.00,2746.00,196.46,1201.57,0.61,17140.00,37.00,192.08,89175.68,0.61,3084.00,16837.00,190.28,195.06,203.44
0,24129,15913.00,840.00,202.97,4048.21,26.00,1728763467042.00,2749.00,196.94,1200.25,0.83,17096.00,47.00,192.47,70202.13,0.83,2766.00,16798.00,190.77,195.53,203.89
0,19756,16161.00,832.00,200.10,4087.14,26.11,1728763944762.00,2719.00,194.15,1213.50,0.78,17328.00,40.00,189.96,82487.50,0.78,3013.00,17035.00,188.23,192.78,205.39
1728764041015611897,62291,1004.00,56266.00,164.89,167.84,1841.93,44634.00,12648.00,164.89,746.65,0.00,57720.00,626.00,161.85,15085.76,0.00,583180.00,5989.00,158.33,1557.41,31.78
1728764154655471312,62298,980.00,55897.00,166.03,168.95,1762.51,44220.00,12670.00,166.03,745.36,0.05,57360.00,593.00,162.95,15925.27,0.05,584798.00,11941.00,159.38,781.09,108.66
1728764219798339981,87291,70793.00,10455.00,116.23,903.27,52.98,70753.00,10525.00,116.23,897.26,0.90,55832.00,26495.00,114.71,356.43,0.90,851057.00,82025.00,112.13,113.76,1796.38
1728764309780934449,84239,71529.00,7036.00,120.20,1342.20,48.31,68645.00,9951.00,120.20,949.02,2.70,67116.00,12507.00,118.60,755.07,2.70,801987.00,79301.00,115.94,117.66,1810.91
1728764396913317687,86257,73682.00,7196.00,116.76,1312.35,46.80,70492.00,10426.00,116.76,905.78,0.96,69163.00,12793.00,115.23,738.19,0.96,859673.00,81696.00,112.52,114.17,1823.39
1728764486606837936,86269,73317.00,7436.00,116.94,1270.00,46.99,69960.00,10828.00,116.94,872.15,0.87,65963.00,15872.00,115.40,594.99,0.87,845964.00,81519.00,112.75,114.42,1820.04
0,69023,2933.00,54435.00,164.62,173.49,443.02,45432.00,11942.00,164.62,790.80,0.02,58253.00,184.00,161.60,51324.73,0.02,182634.00,5996.00,158.11,1555.58,23.75
1728765289008925750,62228,51657.71,3970.29,169.60,342.19,31.36,51220.50,7467.00,163.28,632.38,0.81,58700.00,222.00,160.27,42539.13,0.81,5882.00,53040.00,160.27,178.05,183.10
1728770514414264978,61249,50145.43,4028.86,174.15,336.35,34.52,50239.00,7429.50,167.39,635.57,0.59,57296.00,206.00,164.23,45843.14,0.59,6303.00,51247.00,164.21,184.27,180.28
0,81461,3165.00,53973.00,165.28,174.97,442.97,45331.00,11815.00,165.28,799.30,0.05,58042.00,176.00,162.21,53657.67,0.05,188662.00,6186.00,158.57,1507.92,23.69
0,65577,2910.00,54349.00,164.93,173.76,443.08,45311.00,11955.00,164.93,789.94,0.03,58128.00,184.00,161.95,51324.73,0.03,181163.00,5999.00,158.47,1554.88,23.69
0,89003,2940.00,53949.00,166.00,175.05,442.95,45152.00,11744.00,166.00,804.13,0.00,57833.00,167.00,162.82,56549.40,0.00,180463.00,5942.00,159.33,1569.72,23.64
0,116642,44596.50,3821.75,194.18,311.81,73.46,50670.75,3467.75,181.35,680.89,0.28,53105.00,95.00,177.52,99410.53,0.28,8024.00,49688.00,176.78,189.65,388.65
0,95033,45452.38,3758.25,191.05,315.07,71.00,51180.75,3426.75,178.54,689.00,0.33,53981.00,89.00,174.66,106112.36,0.33,8200.00,51228.00,173.89,183.90,391.00
0,59363,43934.38,4018.75,196.06,294.00,71.75,49592.00,3617.00,183.22,652.77,0.30,52668.00,95.00,178.99,99410.53,0.30,8484.00,48777.00,178.24,193.19,390.00
0,22331,6129.00,10785.50,557.00,113.06,375.81,17219.25,6313.50,500.86,373.98,0.86,19887.00,96.00,472.58,98375.00,0.86,10053.00,11057.00,470.86,851.99,78.48
1728820580861928201,72135,36148.00,2933.00,199.92,2663.91,26.22,37345.00,10304.00,198.36,916.51,0.57,68475.00,177.00,137.56,53354.17,0.57,22098.00,47554.00,137.45,198.50,52.30
1728820655729417600,58175,40222.00,2919.00,181.11,2676.69,4.96,42033.00,10308.00,180.55,916.15,4.40,28515.00,25759.00,174.00,366.62,4.40,3060.00,52162.00,173.90,180.99,59.49
1728820716639709091,55159,38640.00,2840.00,188.36,2751.14,4.87,40314.00,9939.00,188.07,950.16,3.21,39348.00,12006.00,183.89,786.58,3.21,2574.00,50158.00,183.70,188.20,69.81
1728820774335383947,55127,38574.00,2910.00,188.34,2684.97,4.79,40237.00,10135.00,187.63,931.79,2.58,39517.00,11955.00,183.47,789.94,2.58,2598.00,50275.00,183.30,187.74,70.21
1728820832033826707,56133,39452.00,2929.00,184.36,2667.55,6.34,41206.00,10249.00,183.67,921.43,2.96,37650.00,14896.00,179.72,633.97,2.96,2518.00,51358.00,179.54,183.80,68.08
1728827132489446915,68122,1644.00,58639.00,156.66,161.05,77.42,46748.00,13549.00,156.66,697.00,0.03,64029.00,595.00,146.13,15871.74,0.03,50118.00,15804.00,146.00,597.25,1.25
1728827203471526656,69133,1721.00,62600.00,146.82,150.86,75.82,50228.00,14110.00,146.82,669.29,0.00,33685.00,31776.00,144.26,297.20,0.00,58324.00,8030.00,144.15,1175.59,2.39
1728827275574053089,66116,1675.00,60125.00,152.81,157.07,77.29,49231.00,12582.00,152.81,750.57,0.02,47098.00,15846.00,150.03,595.97,0.02,55952.00,8239.00,149.88,1145.63,1.29
1728827345639678827,68147,1698.00,61279.00,149.95,154.11,76.09,49734.00,13258.00,149.95,712.30,0.02,48166.00,15960.00,147.27,591.71,0.02,55784.00,9392.00,147.14,1005.06,2.28
1728827416638779690,67119,1728.00,60344.00,152.14,156.50,75.95,49194.00,12891.00,152.14,732.58,0.03,44563.00,18639.00,149.42,506.66,0.03,55892.00,8370.00,149.29,1127.74,2.47
